trait_1,trait_2,trait_3,quotes
Dedication,Patience,Empathy,"Continue to strengthen your dedication by finding moments to reflect on your commitment to each student's success. Practice patience by allowing yourself to pause before reacting, especially in challenging situations. Cultivate empathy by actively seeking to understand students' perspectives and emotions."
Dedication,Patience,Communication,"To enhance your dedication, set specific goals for each student. Practice patience by giving students time to process and respond during lessons. Improve communication by simplifying instructions and regularly checking in with students for clarity."
Dedication,Patience,Motivational,Deepen your dedication by staying focused on each student's individual progress. Enhance patience by celebrating small milestones with students. Strengthen your motivational skills by offering personalized encouragement that resonates with each student's unique needs.
Dedication,Patience,Active Listening,"Reinforce your dedication by regularly reviewing your students' progress and needs. Improve patience by listening without interrupting, giving students space to express themselves fully. Practice active listening by asking follow-up questions that show you value their input."
Dedication,Patience,Knowledgeable,Continue your dedication by committing to ongoing learning and development. Foster patience by allowing students to explore concepts at their own pace. Deepen your knowledge by staying updated on the latest educational resources and methodologies.
Dedication,Patience,Supportiveness,"Enhance your dedication by being consistently present and available for your students. Practice patience by offering supportive, step-by-step guidance. Strengthen supportiveness by actively seeking out students who need extra help and providing it willingly."
Dedication,Patience,Cheerful,"Maintain your dedication by starting each day with a clear purpose for your students. Practice patience by staying calm and positive, even in stressful situations. Enhance your cheerful demeanor by incorporating moments of joy and lightness into your classroom routine."
Dedication,Patience,Respectfulness,"Deepen your dedication by respecting each student's learning journey. Practice patience by waiting for students to complete their thoughts before responding. Show respectfulness by acknowledging and valuing students' ideas, even when they differ from your own."
Dedication,Empathy,Communication,Strengthen your dedication by making time to connect with each student personally. Enhance empathy by regularly checking in on students' emotional well-being. Improve communication by expressing your understanding and adapting your message to meet students' needs.
Dedication,Empathy,Motivational,Continue your dedication by consistently prioritizing your students' success. Cultivate empathy by recognizing and validating students' feelings. Enhance your motivational skills by linking encouragement to students' personal experiences and goals.
Dedication,Empathy,Active Listening," ""Reinforce your dedication by dedicating time to listen to your students without distraction. Improve empathy by genuinely considering students' viewpoints before offering guidance. Practice active listening by paraphrasing what students share to ensure you understand them correctly."""
Dedication,Empathy,Knowledgeable,Deepen your dedication by continually expanding your knowledge base to better serve your students. Cultivate empathy by connecting your expertise to students' real-life challenges. Enhance your knowledge by seeking out resources that align with students' emotional and academic needs.
Dedication,Empathy,Supportiveness,Maintain your dedication by consistently offering your support to students in need. Foster empathy by putting yourself in your students' shoes when offering help. Strengthen supportiveness by providing resources tailored to each student's unique challenges.
Dedication,Empathy,Cheerful,Enhance your dedication by creating a positive and welcoming environment for all students. Cultivate empathy by using your cheerful demeanor to lift students' spirits when they face difficulties. Balance cheerfulness with empathy by being sensitive to students' moods and adjusting your approach accordingly.
Dedication,Empathy,Respectfulness,Deepen your dedication by respecting students' individual learning processes and emotional states. Cultivate empathy by showing genuine interest in students' perspectives. Strengthen respectfulness by acknowledging students' feelings and responding with kindness.
Dedication,Communication,Motivational,"Reinforce your dedication by clearly outlining your goals and expectations for students. Improve communication by articulating how students can reach their goals. Enhance motivation by using clear, encouraging language that resonates with students."
Dedication,Communication,Active Listening,Continue your dedication by dedicating time to listen to students' concerns. Improve communication by reflecting on what students share before responding. Practice active listening by summarizing students' points and asking for clarification when needed.
Dedication,Communication,Knowledgeable,"Strengthen your dedication by sharing your knowledge clearly and confidently. Improve communication by breaking down complex ideas into simpler, digestible parts. Deepen your knowledge by continuously learning and adapting your communication methods."
Dedication,Communication,Supportiveness,"Enhance your dedication by providing clear, supportive guidance to each student. Improve communication by regularly offering constructive feedback that helps students grow. Strengthen supportiveness by ensuring your communication is always encouraging and affirming."
Dedication,Communication,Cheerful,Maintain your dedication by communicating with energy and enthusiasm. Improve communication by ensuring your cheerful demeanor doesn't overshadow important messages. Enhance your cheerfulness by using it to create an inviting and engaging learning environment.
Dedication,Communication,Respectfulness,Deepen your dedication by communicating with respect for students' ideas and efforts. Improve communication by being mindful of students' feelings and perspectives when speaking. Strengthen respectfulness by actively listening and responding with thoughtfulness.
Dedication,Motivational,Active Listening,Continue your dedication by consistently motivating your students to do their best. Improve motivation by actively listening to what drives each student. Practice active listening by incorporating students' goals and interests into your motivational strategies.
Dedication,Motivational,Knowledgeable,Strengthen your dedication by using your knowledge to inspire and challenge students. Enhance motivation by relating academic content to students' interests and aspirations. Deepen your knowledge by seeking out strategies that connect with and motivate your students.
Dedication,Motivational,Supportiveness,"Reinforce your dedication by offering unwavering support as students work toward their goals. Improve motivation by providing personalized encouragement that resonates with each student. Strengthen supportiveness by celebrating students' successes, no matter how small."
Dedication,Motivational,Cheerful,Maintain your dedication by using your positive energy to inspire students. Enhance motivation by channeling your cheerfulness into enthusiastic and encouraging feedback. Balance cheerfulness with motivation by ensuring students feel both supported and challenged.
Dedication,Motivational,Respectfulness,Deepen your dedication by respecting each student's unique motivations and goals. Improve motivation by offering encouragement that honors students' individuality. Strengthen respectfulness by motivating students in a way that acknowledges their ideas and values.
Dedication,Active Listening,Knowledgeable,Continue your dedication by attentively listening to students' needs and adjusting your approach accordingly. Improve active listening by connecting what students share with your expert knowledge. Deepen your knowledge by seeking out students' perspectives and experiences.
Dedication,Active Listening,Supportiveness,Strengthen your dedication by actively listening to students and offering targeted support. Practice active listening by providing guidance that directly addresses students' concerns. Enhance supportiveness by showing students that you truly understand their challenges.
Dedication,Active Listening,Cheerful,Reinforce your dedication by creating a positive atmosphere where students feel heard. Improve active listening by ensuring your cheerful demeanor doesn't overshadow students' concerns. Balance cheerfulness with active listening by responding to students with both positivity and attentiveness.
Dedication,Active Listening,Respectfulness,Maintain your dedication by showing students that their voices are valued. Improve active listening by respecting each student's input and responding thoughtfully. Strengthen respectfulness by actively listening and acknowledging students' ideas and perspectives.
Dedication,Knowledgeable,Supportiveness,Deepen your dedication by using your expertise to provide targeted support to students. Improve your knowledge by seeking out resources that enhance your ability to support students. Strengthen supportiveness by applying your knowledge in ways that directly benefit your students.
Dedication,Knowledgeable,Cheerful,Continue your dedication by creating a learning environment that is both informative and joyful. Enhance your knowledge by exploring ways to make complex topics more accessible and engaging. Balance cheerfulness with knowledge by ensuring your lessons are both enjoyable and educational.
Dedication,Knowledgeable,Respectfulness,Reinforce your dedication by respecting students' efforts to grasp challenging concepts. Improve your knowledge by seeking out diverse perspectives and approaches to teaching. Strengthen respectfulness by offering your expertise in a way that honors students' ideas and learning styles.
Dedication,Supportiveness,Cheerful,Enhance your dedication by consistently offering support with a positive attitude. Improve supportiveness by ensuring your cheerfulness makes students feel welcomed and valued. Balance cheerfulness with supportiveness by creating an encouraging environment where students feel safe to ask for help.
Dedication,Supportiveness,Respectfulness,Maintain your dedication by offering support that respects students' individual needs. Strengthen supportiveness by actively listening and responding to students' concerns with empathy. Enhance respectfulness by providing help in a way that acknowledges students' dignity and autonomy.
Dedication,Cheerful,Respectfulness,Deepen your dedication by using your positive energy to create a respectful and welcoming classroom. Balance cheerfulness with respectfulness by ensuring students feel their ideas are valued. Improve respectfulness by being mindful of students' feelings when using humor or lightness in the classroom.
Patience,Empathy,Communication,Enhance your patience by practicing empathy during challenging interactions. Improve empathy by refining your communication skills to better understand and address students' needs. Strengthen communication by using your patience to listen fully before responding.
Patience,Empathy,Motivational,Deepen your patience by recognizing that students may need time to feel motivated. Cultivate empathy by understanding what drives each student to succeed. Enhance motivation by using your patience and empathy to inspire students in ways that resonate with them.
Patience,Empathy,Active Listening,Reinforce your patience by actively listening to students without rushing to respond. Improve empathy by truly considering what students share with you. Practice active listening by showing students that their feelings and perspectives are heard and valued.
Patience,Empathy,Knowledgeable,Strengthen your patience by giving students time to absorb complex material. Cultivate empathy by using your knowledge to connect with students' learning experiences. Deepen your knowledge by seeking out resources that help you understand and empathize with your students better.
Patience,Empathy,Supportiveness,"Continue your patience by offering understanding and encouragement when students face challenges. Cultivate empathy by considering each student's unique situation when providing support. Strengthen supportiveness by offering patient, empathetic guidance that meets students where they are."
Patience,Empathy,Cheerful,Enhance your patience by using your cheerful demeanor to create a calm and positive environment. Cultivate empathy by balancing your positivity with an awareness of students' emotional needs. Balance cheerfulness with patience by giving students the time they need to process and respond.
Patience,Empathy,Respectfulness,Deepen your patience by respecting students' individual learning paces. Cultivate empathy by showing genuine interest in students' feelings and perspectives. Strengthen respectfulness by responding to students' needs with kindness and understanding.
Patience,Communication,Motivational,"Continue your patience by clearly communicating your expectations while giving students time to meet them. Improve communication by ensuring your messages are encouraging and supportive. Enhance motivation by using patient, clear communication that guides students toward success."
Patience,Communication,Active Listening,"Reinforce your patience by taking time to listen fully before responding. Improve communication by asking clarifying questions that show you value students' input. Practice active listening by being patient and attentive, ensuring students feel heard."
Patience,Communication,Knowledgeable,Strengthen your patience by breaking down complex ideas and giving students time to understand. Improve communication by simplifying your explanations and checking for understanding. Deepen your knowledge by exploring ways to communicate effectively with students at different levels.
Patience,Communication,Supportiveness,"Enhance your patience by offering clear, step-by-step guidance when students need help. Improve communication by ensuring your support is communicated in a way that students find accessible. Strengthen supportiveness by being patient and attentive, ensuring students feel truly supported."
Patience,Communication,Cheerful,Continue your patience by using your cheerful demeanor to keep communication positive and encouraging. Improve communication by ensuring your positivity doesn't overshadow important messages. Balance cheerfulness with patience by giving students time to process information.
Patience,Communication,Respectfulness,Reinforce your patience by respecting students' time and individual communication styles. Improve communication by being mindful of students' feelings and perspectives when speaking. Strengthen respectfulness by patiently listening and responding with thoughtfulness.
Patience,Motivational,Active Listening,Enhance your patience by giving students time to find their motivation. Improve motivation by actively listening to what drives each student. Practice active listening by incorporating students' goals and interests into your motivational strategies.
Patience,Motivational,Knowledgeable,Strengthen your patience by allowing students time to grasp and be inspired by new knowledge. Improve motivation by linking your expertise to students' interests and aspirations. Deepen your knowledge by seeking out strategies that motivate students effectively.
Patience,Motivational,Supportiveness,"Continue your patience by offering steady encouragement as students work toward their goals. Improve motivation by providing personalized support that resonates with each student. Strengthen supportiveness by celebrating students' successes, no matter how small."
Patience,Motivational,Cheerful,Reinforce your patience by using your positive energy to keep students motivated over time. Enhance motivation by channeling your cheerfulness into enthusiastic and encouraging feedback. Balance cheerfulness with patience by ensuring students feel both supported and challenged.
Patience,Motivational,Respectfulness,Deepen your patience by respecting each student's unique motivations and goals. Improve motivation by offering encouragement that honors students' individuality. Strengthen respectfulness by motivating students in a way that acknowledges their ideas and values.
Patience,Active Listening,Knowledgeable,Enhance your patience by listening to students' concerns before offering your expertise. Improve active listening by connecting what students share with your knowledge. Deepen your knowledge by seeking out students' perspectives and experiences.
Patience,Active Listening,Supportiveness,Continue your patience by listening fully to students' needs before offering support. Improve active listening by showing students that their feelings are valued and understood. Strengthen supportiveness by providing guidance that directly addresses students' emotional and academic needs.
Patience,Active Listening,Cheerful,Reinforce your patience by creating a positive atmosphere where students feel heard. Improve active listening by ensuring your cheerful demeanor doesn't overshadow students' concerns. Balance cheerfulness with active listening by responding to students with both positivity and attentiveness.
Patience,Active Listening,Respectfulness,Deepen your patience by showing students that their voices are valued. Improve active listening by respecting each student's input and responding thoughtfully. Strengthen respectfulness by actively listening and acknowledging students' ideas and perspectives.
Patience,Knowledgeable,Supportiveness,"Enhance your patience by using your expertise to provide patient, targeted support to students. Improve your knowledge by seeking out resources that enhance your ability to support students. Strengthen supportiveness by applying your knowledge in ways that directly benefit your students."
Patience,Knowledgeable,Cheerful,Continue your patience by breaking down complex topics and giving students time to absorb them. Improve your knowledge by finding ways to make learning engaging and enjoyable. Balance cheerfulness with knowledge by ensuring your lessons are both fun and informative.
Patience,Knowledgeable,Respectfulness,Reinforce your patience by respecting students' efforts to understand challenging material. Improve your knowledge by continuously learning new approaches to teaching with patience. Strengthen respectfulness by offering your expertise in a way that honors students' learning styles.
Patience,Supportiveness,Cheerful,Deepen your patience by offering support with a positive and encouraging attitude. Improve supportiveness by ensuring your cheerfulness helps students feel comfortable asking for help. Balance cheerfulness with patience by creating a supportive environment where students feel safe to learn.
Patience,Supportiveness,Respectfulness,Enhance your patience by offering support that respects students' individual needs and paces. Strengthen supportiveness by actively listening and responding to students' concerns with empathy. Improve respectfulness by providing help in a way that acknowledges students' dignity and autonomy.
Patience,Cheerful,Respectfulness,Reinforce your patience by using your positive energy to create a respectful and welcoming classroom. Balance cheerfulness with respectfulness by ensuring students feel their ideas are valued. Improve respectfulness by being mindful of students' feelings when using humor or lightness in the classroom.
Empathy,Communication,Motivational,Enhance your empathy by considering each student's individual needs when communicating. Improve communication by expressing understanding and support. Strengthen motivation by offering encouragement that resonates with students' feelings and goals.
Empathy,Communication,Active Listening,Continue your empathy by listening to students without judgment. Improve communication by ensuring your responses reflect understanding and compassion. Practice active listening by giving students space to express themselves fully before responding.
Empathy,Communication,Knowledgeable,Deepen your empathy by connecting your expertise with students' emotional experiences. Improve communication by explaining concepts in ways that resonate with students' feelings. Strengthen knowledge by seeking out resources that enhance your ability to connect emotionally with students.
Empathy,Communication,Supportiveness,"Reinforce your empathy by providing clear, compassionate guidance. Improve communication by ensuring your support is communicated in an understanding and accessible way. Strengthen supportiveness by offering help that is both empathetic and practical."
Empathy,Communication,Cheerful,Enhance your empathy by balancing your cheerful demeanor with sensitivity to students' emotions. Improve communication by ensuring your positivity is matched with understanding and care. Balance cheerfulness with empathy by being attuned to students' feelings and adjusting your approach accordingly.
Empathy,Communication,Respectfulness,Continue your empathy by respecting students' feelings and perspectives when communicating. Improve communication by being mindful of how your words may impact students. Strengthen respectfulness by responding to students with empathy and kindness.
Empathy,Motivational,Active Listening,Deepen your empathy by listening to students' motivations and feelings. Improve motivation by offering encouragement that reflects students' emotional states and goals. Practice active listening by acknowledging students' feelings and using them to guide your motivational strategies.
Empathy,Motivational,Knowledgeable,Reinforce your empathy by using your expertise to inspire and connect with students emotionally. Improve motivation by linking academic content to students' personal experiences. Strengthen knowledge by seeking out strategies that connect with students on an emotional level.
Empathy,Motivational,Supportiveness,Enhance your empathy by understanding what drives each student and offering personalized encouragement. Improve motivation by providing support that resonates with students' emotions and aspirations. Strengthen supportiveness by being attuned to students' needs and offering help that feels meaningful.
Empathy,Motivational,Cheerful,Continue your empathy by using your cheerful demeanor to lift students' spirits and encourage them. Improve motivation by ensuring your positivity is sensitive to students' emotional states. Balance cheerfulness with empathy by motivating students in a way that feels both supportive and inspiring.
Empathy,Motivational,Respectfulness,Deepen your empathy by respecting students' individual motivations and goals. Improve motivation by offering encouragement that acknowledges and honors students' feelings. Strengthen respectfulness by motivating students in a way that is sensitive to their emotional needs.
Empathy,Active Listening,Knowledgeable,Enhance your empathy by truly listening to students' concerns and connecting them with your expertise. Improve active listening by being open to students' perspectives and using them to inform your teaching. Strengthen knowledge by seeking out resources that help you understand students' emotional experiences.
Empathy,Active Listening,Supportiveness,Continue your empathy by listening fully to students before offering help. Improve active listening by showing students that their feelings are valued and understood. Strengthen supportiveness by providing guidance that directly addresses students' emotional and academic needs.
Empathy,Active Listening,Cheerful,Reinforce your empathy by creating a positive atmosphere where students feel safe to share. Improve active listening by ensuring your cheerful demeanor doesn't overshadow students' concerns. Balance cheerfulness with active listening by responding to students with both positivity and understanding.
Empathy,Active Listening,Respectfulness,Deepen your empathy by showing students that their voices are valued and respected. Improve active listening by respecting each student's input and responding thoughtfully. Strengthen respectfulness by actively listening and acknowledging students' feelings and perspectives.
Empathy,Knowledgeable,Supportiveness,"Enhance your empathy by using your expertise to provide empathetic, targeted support. Improve your knowledge by seeking out resources that enhance your ability to support students emotionally. Strengthen supportiveness by applying your knowledge in ways that directly benefit students' well-being."
Empathy,Knowledgeable,Cheerful,Continue your empathy by making learning both informative and emotionally supportive. Improve your knowledge by exploring ways to connect complex topics to students' emotional experiences. Balance cheerfulness with knowledge by ensuring your lessons are both engaging and compassionate.
Empathy,Knowledgeable,Respectfulness,Reinforce your empathy by respecting students' efforts to grasp challenging material while considering their emotional needs. Improve your knowledge by continuously learning new approaches to teaching with empathy. Strengthen respectfulness by offering your expertise in a way that honors students' feelings and learning styles.
Empathy,Supportiveness,Cheerful,Deepen your empathy by offering support that is both positive and understanding. Improve supportiveness by ensuring your cheerfulness helps students feel comfortable and supported. Balance cheerfulness with empathy by creating an encouraging environment that acknowledges students' emotions.
Empathy,Supportiveness,Respectfulness,Enhance your empathy by offering support that respects students' individual needs and feelings. Strengthen supportiveness by actively listening and responding to students' concerns with compassion. Improve respectfulness by providing help in a way that honors students' dignity and autonomy.
Empathy,Cheerful,Respectfulness,Reinforce your empathy by using your positive energy to create a respectful and welcoming classroom. Balance cheerfulness with respectfulness by ensuring students feel their ideas and feelings are valued. Improve respectfulness by being mindful of students' emotions when using humor or lightness in the classroom.
Communication,Motivational,Active Listening,Enhance your communication by listening fully before offering motivational feedback. Improve motivation by tailoring your encouragement to students' needs and interests. Practice active listening by ensuring your communication reflects an understanding of students' perspectives.
Communication,Motivational,Knowledgeable,Strengthen your communication by using your expertise to inspire and guide students. Improve motivation by linking your knowledge to students' goals and aspirations. Enhance your knowledge by seeking out ways to communicate effectively with students at different levels of motivation.
Communication,Motivational,Supportiveness,"Continue your communication by offering clear, supportive guidance that motivates students. Improve motivation by providing encouragement that is both practical and inspiring. Strengthen supportiveness by ensuring your communication is always encouraging and affirming."
Communication,Motivational,Cheerful,Reinforce your communication by using your positive energy to keep students motivated and engaged. Improve motivation by ensuring your cheerfulness doesn't overshadow important messages. Balance cheerfulness with motivation by creating a learning environment that is both fun and goal-oriented.
Communication,Motivational,Respectfulness,Deepen your communication by respecting students' individual motivations and goals. Improve motivation by offering encouragement that acknowledges and honors students' ideas. Strengthen respectfulness by communicating in a way that respects students' feelings and perspectives.
Communication,Active Listening,Knowledgeable,Enhance your communication by listening to students' needs before sharing your expertise. Improve active listening by ensuring your responses reflect understanding and knowledge. Strengthen your knowledge by seeking out resources that help you connect with students on a deeper level.
Communication,Active Listening,Supportiveness,Continue your communication by offering clear guidance that addresses students' concerns directly. Improve active listening by showing students that their thoughts and feelings are valued. Strengthen supportiveness by ensuring your communication is both practical and empathetic.
Communication,Active Listening,Cheerful,Reinforce your communication by creating a positive atmosphere where students feel heard. Improve active listening by ensuring your cheerful demeanor doesn't overshadow students' concerns. Balance cheerfulness with active listening by responding to students with both positivity and attentiveness.
Communication,Active Listening,Respectfulness,Deepen your communication by respecting students' input and responding thoughtfully. Improve active listening by acknowledging and valuing students' perspectives. Strengthen respectfulness by communicating in a way that shows students their voices are heard and respected.
Communication,Knowledgeable,Supportiveness,"Enhance your communication by using your expertise to provide clear, targeted support. Improve your knowledge by seeking out resources that enhance your ability to communicate effectively with students. Strengthen supportiveness by applying your knowledge in ways that directly benefit students."
Communication,Knowledgeable,Cheerful,Continue your communication by making learning both informative and engaging. Improve your knowledge by exploring ways to make complex topics more accessible and enjoyable. Balance cheerfulness with knowledge by ensuring your lessons are both fun and educational.
Communication,Knowledgeable,Respectfulness,Reinforce your communication by respecting students' efforts to grasp challenging material. Improve your knowledge by continuously learning new approaches to teaching with respect. Strengthen respectfulness by offering your expertise in a way that honors students' ideas and learning styles.
Communication,Supportiveness,Cheerful,Deepen your communication by offering support that is both positive and clear. Improve supportiveness by ensuring your cheerfulness helps students feel comfortable and supported. Balance cheerfulness with communication by creating an encouraging environment where students feel safe to ask for help.
Communication,Supportiveness,Respectfulness,Enhance your communication by offering support that respects students' individual needs and perspectives. Strengthen supportiveness by actively listening and responding to students' concerns with empathy. Improve respectfulness by providing help in a way that honors students' dignity and autonomy.
Communication,Cheerful,Respectfulness,Reinforce your communication by using your positive energy to create a respectful and welcoming classroom. Balance cheerfulness with respectfulness by ensuring students feel their ideas and feelings are valued. Improve respectfulness by being mindful of students' emotions when using humor or lightness in the classroom.
Motivational,Active Listening,Knowledgeable,Enhance your motivational skills by listening to students' concerns before offering your expertise. Improve active listening by ensuring your responses reflect an understanding of students' goals. Strengthen your knowledge by seeking out strategies that connect with students' motivations.
Motivational,Active Listening,Supportiveness,Continue your motivational efforts by offering encouragement that addresses students' concerns directly. Improve active listening by showing students that their feelings are valued. Strengthen supportiveness by providing guidance that is both motivational and empathetic.
Motivational,Active Listening,Cheerful,Reinforce your motivational skills by creating a positive atmosphere where students feel heard and encouraged. Improve active listening by ensuring your cheerful demeanor doesn't overshadow students' concerns. Balance cheerfulness with motivation by responding to students with both positivity and attentiveness.
Motivational,Active Listening,Respectfulness,Deepen your motivational skills by respecting students' individual goals and aspirations. Improve active listening by acknowledging and valuing students' perspectives before offering encouragement. Strengthen respectfulness by motivating students in a way that honors their feelings and ideas.
Motivational,Knowledgeable,Supportiveness,Enhance your motivational skills by using your expertise to provide targeted encouragement. Improve your knowledge by seeking out resources that help you connect with students' motivations. Strengthen supportiveness by applying your knowledge in ways that directly benefit students' goals.
Motivational,Knowledgeable,Cheerful,Continue your motivational efforts by making learning both inspiring and engaging. Improve your knowledge by exploring ways to make complex topics more accessible and enjoyable. Balance cheerfulness with motivation by ensuring your lessons are both fun and goal-oriented.
Motivational,Knowledgeable,Respectfulness,Reinforce your motivational skills by respecting students' efforts to grasp challenging material. Improve your knowledge by continuously learning new approaches to teaching with respect. Strengthen respectfulness by motivating students in a way that honors their ideas and learning styles.
Motivational,Supportiveness,Cheerful,Deepen your motivational efforts by offering support that is both positive and encouraging. Improve supportiveness by ensuring your cheerfulness helps students feel motivated and supported. Balance cheerfulness with motivation by creating an environment where students feel inspired to learn.
Motivational,Supportiveness,Respectfulness,Enhance your motivational skills by offering encouragement that respects students' individual needs and goals. Strengthen supportiveness by actively listening and responding to students' concerns with empathy. Improve respectfulness by motivating students in a way that honors their dignity and autonomy.
Motivational,Cheerful,Respectfulness,Reinforce your motivational skills by using your positive energy to create a respectful and welcoming classroom. Balance cheerfulness with respectfulness by ensuring students feel their ideas and feelings are valued. Improve respectfulness by being mindful of students' emotions when using humor or lightness in the classroom.
Active Listening,Knowledgeable,Supportiveness,Enhance your active listening by connecting what students share with your expertise. Improve your knowledge by seeking out resources that help you provide targeted support. Strengthen supportiveness by applying your knowledge in ways that directly address students' needs.
Active Listening,Knowledgeable,Cheerful,Continue your active listening by making learning both engaging and responsive to students' concerns. Improve your knowledge by exploring ways to connect with students' emotional experiences. Balance cheerfulness with active listening by ensuring your lessons are both fun and supportive.
Active Listening,Knowledgeable,Respectfulness,Reinforce your active listening by respecting students' efforts to grasp challenging material. Improve your knowledge by continuously learning new approaches to teaching with respect. Strengthen respectfulness by offering your expertise in a way that honors students' learning styles.
Active Listening,Supportiveness,Cheerful,Deepen your active listening by offering support that is both positive and attentive. Improve supportiveness by ensuring your cheerfulness helps students feel comfortable expressing their needs. Balance cheerfulness with active listening by creating an encouraging environment where students feel heard.
Active Listening,Supportiveness,Respectfulness,Enhance your active listening by offering support that respects students' individual needs and perspectives. Strengthen supportiveness by actively listening and responding to students' concerns with empathy. Improve respectfulness by providing help in a way that honors students' dignity and autonomy.
Active Listening,Cheerful,Respectfulness,Reinforce your active listening by using your positive energy to create a respectful and welcoming classroom. Balance cheerfulness with respectfulness by ensuring students feel their ideas and feelings are valued. Improve respectfulness by being mindful of students' emotions when using humor or lightness in the classroom.
Knowledgeable,Supportiveness,Cheerful,Enhance your knowledge by offering support that is both informative and positive. Improve supportiveness by ensuring your cheerfulness helps students feel motivated to learn. Balance cheerfulness with knowledge by creating lessons that are both fun and educational.
Knowledgeable,Supportiveness,Respectfulness,Strengthen your knowledge by continuously learning new ways to provide respectful and supportive teaching. Improve supportiveness by offering your expertise in a way that respects students' individual needs and perspectives. Enhance respectfulness by providing help that honors students' dignity and autonomy.
Knowledgeable,Cheerful,Respectfulness,Reinforce your knowledge by using your positive energy to make learning both fun and respectful. Balance cheerfulness with respectfulness by ensuring students feel their ideas and feelings are valued. Improve respectfulness by being mindful of students' emotions when using humor or lightness in the classroom.
Supportiveness,Cheerful,Respectfulness,Deepen your supportiveness by offering help that is both positive and respectful. Improve respectfulness by ensuring your cheerfulness honors students' feelings and perspectives. Balance cheerfulness with supportiveness by creating a learning environment that is both encouraging and considerate.
