Trait 1,Trait 2,Trait 3,Quote
Dedication,Patience,Empathy,"[This teacher] is committed to each student's success, remaining calm and understanding in challenging situations, and showing deep compassion for students' feelings."
Dedication,Patience,Communication,"[This teacher] is devoted to the success of every student, patiently guiding them and clearly conveying information to ensure they understand."
Dedication,Patience,Motivational,"[This teacher] is unwavering in their commitment to each student, showing patience as they inspire and encourage students to reach their full potential."
Dedication,Patience,Active Listening,"[This teacher] is dedicated to student success, listening attentively to their needs, and patiently helping them through challenges."
Dedication,Patience,Knowledgeable,"[This teacher] combines deep knowledge with patience and commitment, ensuring each student comprehends complex subjects at their own pace."
Dedication,Patience,Supportiveness,"[This teacher] is dedicated to fostering a supportive environment, patiently helping students overcome difficulties both academically and personally."
Dedication,Patience,Cheerful,"[This teacher] brings dedication and patience to the classroom, creating a joyful and welcoming environment where students can thrive."
Dedication,Patience,Respectfulness,"[This teacher] is committed to each student's success, patiently respecting their ideas and individuality, and guiding them with care."
Dedication,Empathy,Communication,"[This teacher] is dedicated to understanding each student's needs, communicating with compassion, and ensuring they feel supported and informed."
Dedication,Empathy,Motivational,"[This teacher] is passionately committed to each student's success, empathetically supporting them while motivating them to reach their fullest potential."
Dedication,Empathy,Active Listening,[This teacher] is dedicated to understanding and supporting students by empathetically listening to their concerns and addressing them with care.
Dedication,Empathy,Knowledgeable,"[This teacher] is deeply knowledgeable and committed to understanding each student's needs, providing empathetic and informed guidance."
Dedication,Empathy,Supportiveness,"[This teacher] is dedicated to each student's well-being, providing empathetic support both academically and personally."
Dedication,Empathy,Cheerful,"[This teacher] is committed to each student's success, offering empathetic support in a joyful and welcoming classroom environment."
Dedication,Empathy,Respectfulness,"[This teacher] is devoted to each student's success, showing deep empathy and respect for their individuality and needs."
Dedication,Communication,Motivational,"[This teacher] is committed to student success, effectively communicating and motivating students to achieve their best."
Dedication,Communication,Active Listening,"[This teacher] is dedicated to student success, listening actively to their needs and clearly communicating information to support their growth."
Dedication,Communication,Knowledgeable,"[This teacher] is deeply knowledgeable and dedicated, ensuring students understand complex subjects through clear and effective communication."
Dedication,Communication,Supportiveness,"[This teacher] is committed to each student's success, providing clear guidance and supportive encouragement throughout their learning journey."
Dedication,Communication,Cheerful,"[This teacher] is dedicated to fostering a joyful and welcoming environment, where clear communication helps students succeed."
Dedication,Communication,Respectfulness,"[This teacher] is committed to each student's success, communicating with respect and understanding for their ideas and individuality."
Dedication,Motivational,Active Listening,"[This teacher] is dedicated to motivating students, listening attentively to their needs and encouraging them to reach their full potential."
Dedication,Motivational,Knowledgeable,"[This teacher] is deeply knowledgeable and committed to inspiring students, using their expertise to motivate and guide them."
Dedication,Motivational,Supportiveness,"[This teacher] is devoted to each student's success, providing motivational support that encourages them to overcome challenges and thrive."
Dedication,Motivational,Cheerful,[This teacher] is dedicated to creating a joyful and motivating classroom environment where students are inspired to achieve their best.
Dedication,Motivational,Respectfulness,"[This teacher] is committed to each student's success, motivating them while respecting their ideas, opinions, and individuality."
Dedication,Active Listening,Knowledgeable,"[This teacher] is dedicated to student success, combining active listening with deep knowledge to guide students through complex subjects."
Dedication,Active Listening,Supportiveness,"[This teacher] is committed to understanding and supporting each student, listening attentively to their needs and providing encouragement."
Dedication,Active Listening,Cheerful,"[This teacher] is dedicated to creating a joyful and welcoming environment, where active listening helps students feel valued and supported."
Dedication,Active Listening,Respectfulness,"[This teacher] is committed to student success, showing respect for students' ideas and needs by actively listening and guiding them with care."
Dedication,Knowledgeable,Supportiveness,[This teacher] is deeply knowledgeable and dedicated to providing supportive guidance that helps students succeed academically and personally.
Dedication,Knowledgeable,Cheerful,"[This teacher] combines deep knowledge with dedication, creating a joyful and welcoming classroom where students can thrive."
Dedication,Knowledgeable,Respectfulness,"[This teacher] is deeply knowledgeable and committed to student success, respecting students' ideas and guiding them with expertise."
Dedication,Supportiveness,Cheerful,"[This teacher] is dedicated to fostering a supportive and joyful classroom environment, where students feel encouraged and valued."
Dedication,Supportiveness,Respectfulness,"[This teacher] is committed to each student's success, providing supportive guidance while respecting their ideas and individuality."
Dedication,Cheerful,Respectfulness,"[This teacher] is dedicated to creating a joyful and welcoming environment, where each student's individuality is respected and valued."
Patience,Empathy,Communication,"[This teacher] patiently understands students' needs, communicating with empathy and clarity to support their learning."
Patience,Empathy,Motivational,"[This teacher] patiently supports students with empathy, motivating them to overcome challenges and reach their full potential."
Patience,Empathy,Active Listening,"[This teacher] patiently listens to students' concerns, responding with empathy and understanding to help them succeed."
Patience,Empathy,Knowledgeable,"[This teacher] is deeply knowledgeable and patient, providing empathetic guidance that helps students understand complex subjects."
Patience,Empathy,Supportiveness,"[This teacher] patiently supports students with empathy, providing encouragement both academically and personally."
Patience,Empathy,Cheerful,"[This teacher] creates a joyful and welcoming environment, patiently supporting students with empathy and understanding."
Patience,Empathy,Respectfulness,"[This teacher] patiently understands and respects students' needs, providing empathetic guidance that honors their individuality."
Patience,Communication,Motivational,"[This teacher] patiently guides students with clear communication, motivating them to reach their fullest potential."
Patience,Communication,Active Listening,"[This teacher] listens patiently to students' needs, communicating with clarity to support their learning and growth."
Patience,Communication,Knowledgeable,"[This teacher] combines deep knowledge with patience and clear communication, ensuring students understand even the most complex topics."
Patience,Communication,Supportiveness,"[This teacher] patiently supports students, clearly communicating guidance and encouragement to help them succeed."
Patience,Communication,Cheerful,"[This teacher] creates a joyful classroom environment, patiently guiding students with clear communication and encouragement."
Patience,Communication,Respectfulness,"[This teacher] patiently communicates with respect, honoring students' ideas and guiding them with care and understanding."
Patience,Motivational,Active Listening,"[This teacher] patiently listens to students' needs, providing motivational support that encourages them to overcome challenges and succeed."
Patience,Motivational,Knowledgeable,"[This teacher] is deeply knowledgeable and patient, motivating students to achieve their best through expert guidance."
Patience,Motivational,Supportiveness,"[This teacher] patiently motivates and supports students, providing encouragement that helps them thrive both academically and personally."
Patience,Motivational,Cheerful,"[This teacher] patiently creates a joyful and motivating classroom environment, inspiring students to achieve their full potential."
Patience,Motivational,Respectfulness,"[This teacher] patiently motivates students, showing respect for their ideas and individuality as they guide them toward success."
Patience,Active Listening,Knowledgeable,"[This teacher] combines deep knowledge with patience and attentive listening, providing expert guidance that supports students' understanding."
Patience,Active Listening,Supportiveness,"[This teacher] patiently listens to students' needs, providing supportive guidance that helps them overcome challenges and succeed."
Patience,Active Listening,Cheerful,"[This teacher] creates a joyful and welcoming environment, patiently listening to students and supporting them with care and understanding."
Patience,Active Listening,Respectfulness,"[This teacher] patiently listens to students' ideas, showing respect and understanding as they guide them through their learning journey."
Patience,Knowledgeable,Supportiveness,"[This teacher] is deeply knowledgeable and patient, providing supportive guidance that helps students overcome challenges and succeed academically."
Patience,Knowledgeable,Cheerful,"[This teacher] combines deep knowledge with patience, creating a joyful classroom environment where students can thrive."
Patience,Knowledgeable,Respectfulness,"[This teacher] is deeply knowledgeable and patient, respecting students' ideas and providing expert guidance that supports their learning."
Patience,Supportiveness,Cheerful,[This teacher] patiently creates a supportive and joyful classroom environment where students feel valued and encouraged.
Patience,Supportiveness,Respectfulness,"[This teacher] patiently supports students, showing respect for their ideas and individuality as they guide them through challenges."
Patience,Cheerful,Respectfulness,"[This teacher] patiently creates a joyful and welcoming environment, respecting each student's individuality and guiding them with care."
Empathy,Communication,Motivational,"[This teacher] communicates with empathy, understanding students' needs and motivating them to reach their full potential."
Empathy,Communication,Active Listening,"[This teacher] listens empathetically to students' concerns, communicating with understanding and clarity to support their learning."
Empathy,Communication,Knowledgeable,"[This teacher] is deeply knowledgeable and empathetic, communicating with understanding to help students grasp complex subjects."
Empathy,Communication,Supportiveness,"[This teacher] communicates with empathy and understanding, providing supportive guidance that helps students overcome challenges and succeed."
Empathy,Communication,Cheerful,"[This teacher] creates a joyful and welcoming environment, communicating with empathy and understanding to support students' growth."
Empathy,Communication,Respectfulness,"[This teacher] communicates with empathy and respect, understanding each student's needs and guiding them with care and compassion."
Empathy,Motivational,Active Listening,"[This teacher] empathetically listens to students' concerns, motivating them with understanding and encouragement to reach their potential."
Empathy,Motivational,Knowledgeable,"[This teacher] is deeply knowledgeable and empathetic, using their understanding to motivate and guide students toward success."
Empathy,Motivational,Supportiveness,"[This teacher] empathetically supports students, providing motivational guidance that encourages them to overcome challenges and thrive."
Empathy,Motivational,Cheerful,"[This teacher] creates a joyful and welcoming environment, empathetically motivating students to achieve their full potential."
Empathy,Motivational,Respectfulness,"[This teacher] motivates students with empathy and respect, understanding their needs and guiding them with care and compassion."
Empathy,Active Listening,Knowledgeable,"[This teacher] is deeply knowledgeable and empathetic, listening attentively to students' needs and providing expert guidance."
Empathy,Active Listening,Supportiveness,"[This teacher] empathetically listens to students' concerns, providing supportive guidance that helps them overcome challenges and succeed."
Empathy,Active Listening,Cheerful,"[This teacher] creates a joyful and welcoming environment, listening empathetically to students and supporting them with understanding and care."
Empathy,Active Listening,Respectfulness,"[This teacher] empathetically listens to students' ideas, respecting their individuality and guiding them with understanding and care."
Empathy,Knowledgeable,Supportiveness,"[This teacher] is deeply knowledgeable and empathetic, providing supportive guidance that helps students overcome challenges and succeed academically."
Empathy,Knowledgeable,Cheerful,"[This teacher] combines deep knowledge with empathy, creating a joyful classroom environment where students feel valued and supported."
Empathy,Knowledgeable,Respectfulness,"[This teacher] is deeply knowledgeable and empathetic, respecting students' ideas and guiding them with understanding and care."
Empathy,Supportiveness,Cheerful,[This teacher] empathetically creates a supportive and joyful classroom environment where students feel valued and encouraged.
Empathy,Supportiveness,Respectfulness,"[This teacher] empathetically supports students, showing respect for their ideas and individuality as they guide them through challenges."
Empathy,Cheerful,Respectfulness,"[This teacher] empathetically creates a joyful and welcoming environment, respecting each student's individuality and guiding them with care."
Communication,Motivational,Active Listening,"[This teacher] communicates clearly and listens attentively, providing motivational guidance that encourages students to achieve their best."
Communication,Motivational,Knowledgeable,"[This teacher] is deeply knowledgeable and communicates effectively, motivating students to understand and succeed in complex subjects."
Communication,Motivational,Supportiveness,"[This teacher] communicates with clarity and motivation, providing supportive guidance that helps students overcome challenges and thrive."
Communication,Motivational,Cheerful,"[This teacher] creates a joyful and motivating classroom environment, where clear communication helps students succeed."
Communication,Motivational,Respectfulness,"[This teacher] communicates with respect and motivation, guiding students with clarity and encouraging them to reach their full potential."
Communication,Active Listening,Knowledgeable,"[This teacher] communicates effectively and listens attentively, using their deep knowledge to guide students through complex subjects."
Communication,Active Listening,Supportiveness,"[This teacher] communicates with clarity and listens attentively, providing supportive guidance that helps students overcome challenges and succeed."
Communication,Active Listening,Cheerful,"[This teacher] creates a joyful and welcoming environment, where clear communication and active listening help students thrive."
Communication,Active Listening,Respectfulness,"[This teacher] communicates with respect and listens attentively, guiding students with care and understanding for their ideas and needs."
Communication,Knowledgeable,Supportiveness,"[This teacher] communicates clearly and effectively, using their deep knowledge to provide supportive guidance that helps students succeed."
Communication,Knowledgeable,Cheerful,"[This teacher] combines deep knowledge with effective communication, creating a joyful classroom environment where students can thrive."
Communication,Knowledgeable,Respectfulness,"[This teacher] communicates with respect and expertise, guiding students through complex subjects with care and understanding."
Communication,Supportiveness,Cheerful,"[This teacher] creates a joyful and welcoming environment, where clear communication and supportive guidance help students succeed."
Communication,Supportiveness,Respectfulness,"[This teacher] communicates with clarity and respect, providing supportive guidance that honors students' ideas and individuality."
Communication,Cheerful,Respectfulness,"[This teacher] communicates with clarity and respect, creating a joyful environment where students feel valued and supported."
Motivational,Active Listening,Knowledgeable,[This teacher] motivates students by listening attentively and using their deep knowledge to guide them through complex subjects.
Motivational,Active Listening,Supportiveness,[This teacher] motivates students by listening attentively and providing supportive guidance that helps them overcome challenges and succeed.
Motivational,Active Listening,Cheerful,"[This teacher] creates a joyful and motivating classroom environment, listening attentively and encouraging students to reach their full potential."
Motivational,Active Listening,Respectfulness,"[This teacher] motivates students by listening attentively and respecting their ideas, guiding them with care and understanding."
Motivational,Knowledgeable,Supportiveness,[This teacher] is deeply knowledgeable and motivates students by providing supportive guidance that helps them succeed academically and personally.
Motivational,Knowledgeable,Cheerful,"[This teacher] combines deep knowledge with motivation, creating a joyful classroom environment where students are inspired to achieve their best."
Motivational,Knowledgeable,Respectfulness,"[This teacher] is deeply knowledgeable and motivates students with respect, guiding them through complex subjects with care and understanding."
Motivational,Supportiveness,Cheerful,"[This teacher] creates a joyful and motivating classroom environment, providing supportive guidance that helps students feel valued and encouraged."
Motivational,Supportiveness,Respectfulness,"[This teacher] motivates students by providing supportive guidance, respecting their ideas and individuality as they overcome challenges."
Motivational,Cheerful,Respectfulness,"[This teacher] creates a joyful and motivating environment, respecting each student's individuality and guiding them with care."
Active Listening,Knowledgeable,Supportiveness,"[This teacher] listens attentively to students' needs, using their deep knowledge to provide supportive guidance that helps them succeed."
Active Listening,Knowledgeable,Cheerful,"[This teacher] combines deep knowledge with attentive listening, creating a joyful classroom environment where students feel valued and supported."
Active Listening,Knowledgeable,Respectfulness,"[This teacher] listens attentively to students' ideas, respecting their individuality and using their deep knowledge to guide them through challenges."
Active Listening,Supportiveness,Cheerful,"[This teacher] listens attentively to students' needs, creating a joyful and supportive environment where they feel valued and encouraged."
Active Listening,Supportiveness,Respectfulness,"[This teacher] listens attentively to students' ideas, providing supportive guidance that respects their individuality and encourages their growth."
Active Listening,Cheerful,Respectfulness,"[This teacher] listens attentively to students' ideas, creating a joyful environment that respects and supports their individuality."
Knowledgeable,Supportiveness,Cheerful,"[This teacher] combines deep knowledge with supportive guidance, creating a joyful classroom environment where students feel valued and encouraged."
Knowledgeable,Supportiveness,Respectfulness,"[This teacher] is deeply knowledgeable and supportive, respecting students' ideas and providing expert guidance that supports their learning."
Knowledgeable,Cheerful,Respectfulness,"[This teacher] combines deep knowledge with a joyful spirit, respecting each student's individuality and guiding them with care."
Supportiveness,Cheerful,Respectfulness,"[This teacher] creates a joyful and supportive environment, respecting each student's individuality and encouraging their growth."
